INSERT INTO Cliente (cpf, nome, cidade, numero, rua) VALUES
('11111111101', 'Ana Beatriz Lima', 'São Paulo', '10', 'Rua das Flores'),
('11111111102', 'Bruno Cabral', 'Rio de Janeiro', '20', 'Av. Copacabana'),
('11111111103', 'Carla Dias', 'Belo Horizonte', '30', 'Rua da Bahia'),
('11111111104', 'Daniel Moreira', 'Porto Alegre', '40', 'Av. Ipiranga'),
('11111111105', 'Eduarda Farias', 'Curitiba', '50', 'Rua XV de Novembro'),
('11111111106', 'Fábio Guedes', 'Fortaleza', '60', 'Av. Beira Mar'),
('11111111107', 'Gabriela Nunes', 'Salvador', '70', 'Rua do Pelourinho'),
('11111111108', 'Heitor Vasconcelos', 'Recife', '80', 'Av. Boa Viagem'),
('11111111109', 'Isabela Matos', 'Manaus', '90', 'Rua do Teatro'),
('11111111110', 'Jonas Esteves', 'Goiânia', '100', 'Av. Anhanguera'),
('11111111111', 'Larissa Mendes', 'Belém', '110', 'Rua das Mangueiras'),
('11111111112', 'Marcos Andrade', 'Florianópolis', '120', 'Av. Beira Mar Norte'),
('11111111113', 'Natália Sousa', 'Vitória', '130', 'Rua 7 de Setembro'),
('11111111114', 'Otto Pires', 'Campo Grande', '140', 'Rua Afonso Pena'),
('11111111115', 'Patrícia Barros', 'Cuiabá', '150', 'Av. Getúlio Vargas'),
('11111111116', 'Quintino Rocha', 'João Pessoa', '160', 'Rua do Sol'),
('11111111117', 'Renata Valença', 'Maceió', '170', 'Av. Pajuçara'),
('11111111118', 'Sérgio Tavares', 'Aracaju', '180', 'Rua da Orla'),
('11111111119', 'Tatiane Loureiro', 'Natal', '190', 'Rua Pota Negra'),
('11111111120', 'Ulisses Brandão', 'Teresina', '200', 'Av. Frei Serafim'),
('11111111121', 'Vanessa Freire', 'São Luís', '210', 'Rua dos Holandeses'),
('11111111122', 'Wagner Pinto', 'Palmas', '220', 'Av. JK'),
('11111111123', 'Xuxa Menezes', 'Rio Branco', '230', 'Rua da Seringueira'),
('11111111124', 'Yasmin Correia', 'Porto Velho', '240', 'Av. 7 de Setembro'),
('11111111125', 'Zeca Drummond', 'Boa Vista', '250', 'Rua do Ouro'),
('11111111126', 'Amanda Borges', 'Macapá', '260', 'Rua do Equador'),
('11111111127', 'Bernardo Neves', 'Brasília', '270', 'Asa Sul'),
('11111111128', 'Cláudio Zico', 'Santos', '280', 'Av. Ana Costa'),
('11111111129', 'Diana Rangel', 'Campinas', '290', 'Rua 13 de Maio'),
('11111111130', 'Elias Matarazzo', 'Guarulhos', '300', 'Rua do Aeroporto'),
('22222222201', 'Bianca Alves', 'São Paulo', '300', 'Rua Cliente 1'),
('22222222202', 'Camila Teixeira', 'Rio de Janeiro', '310', 'Rua Cliente 2'),
('22222222203', 'Daniela Prado', 'Belo Horizonte', '320', 'Rua Cliente 3'),
('22222222204', 'Elisa Monteiro', 'Porto Alegre', '330', 'Rua Cliente 4'),
('22222222205', 'Fernanda Gomes', 'Curitiba', '340', 'Rua Cliente 5'),
('22222222206', 'Helena Barros', 'Fortaleza', '350', 'Rua Cliente 6'),
('22222222207', 'Ingrid Carvalho', 'Salvador', '360', 'Rua Cliente 7'),
('22222222208', 'Juliana Ribeiro', 'Recife', '370', 'Rua Cliente 8'),
('22222222209', 'Karen Castro', 'Manaus', '380', 'Rua Cliente 9'),
('22222222210', 'Letícia Moura', 'Goiânia', '390', 'Rua Cliente 10'),
('22222222211', 'Mariana Costa', 'Belém', '400', 'Rua Cliente 11'),
('22222222212', 'Nicole Fernandes', 'Florianópolis', '410', 'Rua Cliente 12'),
('22222222213', 'Olívia Martins', 'Vitória', '420', 'Rua Cliente 13'),
('22222222214', 'Paula Azevedo', 'Campo Grande', '430', 'Rua Cliente 14'),
('22222222215', 'Rafaela Lima', 'Cuiabá', '440', 'Rua Cliente 15'),
('22222222216', 'Sabrina Rocha', 'João Pessoa', '450', 'Rua Cliente 16'),
('22222222217', 'Teresa Nogueira', 'Maceió', '460', 'Rua Cliente 17'),
('22222222218', 'Úrsula Pacheco', 'Aracaju', '470', 'Rua Cliente 18'),
('22222222219', 'Verônica Dias', 'Natal', '480', 'Rua Cliente 19'),
('22222222220', 'Wanda Souza', 'Teresina', '490', 'Rua Cliente 20'),
('22222222221', 'Aline Furtado', 'São Luís', '500', 'Rua Cliente 21'),
('22222222222', 'Bruna Peixoto', 'Palmas', '510', 'Rua Cliente 22');;

INSERT INTO Cliente_telefone (cliente_cpf, numero) VALUES
('11111111101', '11988887701'), ('11111111102', '21988887702'), ('11111111103', '31988887703'),
('11111111104', '51988887704'), ('11111111105', '41988887705'), ('11111111106', '85988887706'),
('11111111107', '71988887707'), ('11111111108', '81988887708'), ('11111111109', '92988887709'),
('11111111110', '62988887710'), ('11111111111', '91988887711'), ('11111111112', '48988887712'),
('11111111113', '27988887713'), ('11111111114', '67988887714'), ('11111111115', '65988887715'),
('11111111116', '83988887716'), ('11111111117', '82988887717'), ('11111111118', '79988887718'),
('11111111119', '84988887719'), ('11111111120', '86988887720'), ('11111111121', '98988887721'),
('11111111122', '63988887722'), ('11111111123', '68988887723'), ('11111111124', '69988887724'),
('11111111125', '95988887725'), ('11111111126', '96988887726'), ('11111111127', '61988887727'),
('11111111128', '13988887728'), ('11111111129', '19988887729'), ('11111111130', '11988887730');

INSERT INTO Dependente (cliente_cpf, nome, data_nascimento, parentesco) VALUES
('11111111101', 'Bia Lima', '2010-05-10', 'Filha'), ('11111111102', 'Bento Cabral', '2012-03-15', 'Filho'),
('11111111103', 'Caio Dias', '2015-11-01', 'Filho'), ('11111111104', 'Davi Moreira', '2018-01-20', 'Filho'),
('11111111105', 'Eva Farias', '2011-07-30', 'Filha'), ('11111111106', 'Felipe Guedes', '2013-02-12', 'Filho'),
('11111111107', 'Gael Nunes', '2014-09-05', 'Filho'), ('11111111108', 'Heloísa Vasconcelos', '2016-04-22', 'Filha'),
('11111111109', 'Íris Matos', '2017-10-18', 'Filha'), ('11111111110', 'Julia Esteves', '2019-06-09', 'Filha'),
('11111111111', 'Léo Mendes', '2010-08-14', 'Filho'), ('11111111112', 'Maria Andrade', '2012-12-25', 'Filha'),
('11111111113', 'Noah Sousa', '2015-02-11', 'Filho'), ('11111111114', 'Otto Pires', '2018-05-03', 'Filho'),
('11111111115', 'Pietra Barros', '2011-11-23', 'Filha'), ('11111111116', 'Raul Rocha', '2013-07-07', 'Filho'),
('11111111117', 'Sofia Valença', '2014-01-19', 'Filha'), ('11111111118', 'Theo Tavares', '2016-03-29', 'Filho'),
('11111111119', 'Tito Loureiro', '2017-09-14', 'Filho'), ('11111111120', 'Ubiratã Brandão', '2019-08-30', 'Filho'),
('11111111121', 'Vitória Freire', '2010-04-06', 'Filha'), ('11111111122', 'William Pinto', '2012-10-27', 'Filho'),
('11111111123', 'Xavier Menezes', '2015-06-13', 'Filho'), ('11111111124', 'Yuri Correia', '2018-03-08', 'Filho'),
('11111111125', 'Zoe Drummond', '2011-01-01', 'Filha'), ('11111111126', 'Abel Borges', '2013-09-16', 'Filho'),
('11111111127', 'Bela Neves', '2014-04-25', 'Filha'), ('11111111128', 'César Zico', '2016-11-05', 'Filho'),
('11111111129', 'Dora Rangel', '2017-02-17', 'Filha'), ('11111111130', 'Enzo Matarazzo', '2019-12-01', 'Filho');

INSERT INTO Fornecedor (cnpj, nome_fantasia, e_mail, telefone) VALUES
('11111111000101', 'Azul Linhas Aéreas', 'contato@azul.com', '1140031118'),
('11111111000102', 'GOL Linhas Aéreas', 'contato@gol.com', '1103001152'),
('11111111000103', 'LATAM Airlines', 'contato@latam.com', '1140025700'),
('11111111000104', 'TAP Air Portugal', 'contato@tap.com', '0800022312'),
('11111111000105', 'Air France', 'contato@airfrance.com', '1138788360'),
('11111111000106', 'Emirates', 'contato@emirates.com', '1155038200'),
('11111111000107', 'Lufthansa', 'contato@lufthansa.com', '1138788300'),
('11111111000108', 'American Airlines', 'contato@aa.com', '1130045000'),
('11111111000109', 'Copa Airlines', 'contato@copa.com', '1149332672'),
('11111111000110', 'Delta Airlines', 'contato@delta.com', '08000562599'),
('22222222000111', 'Accor Hotels', 'reservas@accor.com', '1130036666'),
('22222222000112', 'Marriott International', 'reservas@marriott.com', '1130692807'),
('22222222000113', 'Hilton Hotels', 'reservas@hilton.com', '1121098888'),
('22222222000114', 'Iberostar', 'reservas@iberostar.com', '7136764300'),
('22222222000115', 'Meliá Hotels', 'reservas@melia.com', '08008921356'),
('22222222000116', 'InterContinental (IHG)', 'reservas@ihg.com', '0800118778'),
('22222222000117', 'Hyatt Hotels', 'reservas@hyatt.com', '08008801234'),
('22222222000118', 'Best Western', 'reservas@bestwestern.com', '08007033456'),
('22222222000119', 'Pousada Maravilha', 'reservas@maravilha.com', '8136190000'),
('22222222000120', 'Hotel Fasano', 'reservas@fasano.com', '1138964000'),
('33333333000121', 'CVC Operadora', 'ops@cvc.com', '1130039282'),
('33333333000122', 'Azul Viagens', 'ops@azulviagens.com', '1140038785'),
('33333333000123', 'Decolar Operadora', 'ops@decolar.com', '1140039444'),
('33333333000124', 'Localiza Aluguel', 'aluguel@localiza.com', '08009792000'),
('33333333000125', 'Movida Aluguel', 'aluguel@movida.com', '08006068686'),
('33333333000126', 'Allianz Travel', 'seguro@allianz.com', '08000131153'),
('33333333000127', 'Paris City Vision', 'tour@parisvision.com', '33144556100'),
('33333333000128', 'Gray Line NY', 'tour@graylinenewyork.com', '18006699669'),
('33333333000129', 'Rio City Tour', 'tour@rio.com', '21988776655'),
('33333333000130', 'Japan Wonder Travel', 'tour@jw-travel.com', '81362083557');

INSERT INTO Companhia_Aerea (fornecedor_cnpj, codigo_IATA, politicas_bagagem) VALUES
('11111111000101', 'AD', '1 bagagem 10kg'), ('11111111000102', 'G3', '1 bagagem 10kg'),
('11111111000103', 'LA', '1 bagagem 10kg'), ('11111111000104', 'TP', '1 bagagem 8kg'),
('11111111000105', 'AF', '1 bagagem 12kg'), ('11111111000106', 'EK', '1 bagagem 7kg'),
('11111111000107', 'LH', '1 bagagem 8kg'), ('11111111000108', 'AA', '1 bagagem 10kg'),
('11111111000109', 'CM', '1 bagagem 10kg'), ('11111111000110', 'DL', '1 bagagem 10kg');

INSERT INTO Rede_Hoteleira (fornecedor_cnpj, categoria, politica_cancelamento) VALUES
('22222222000111', 'Econômica', 'Cancelamento grátis até 7 dias antes'),
('22222222000112', 'Luxo', 'Cancelamento grátis até 30 dias antes'),
('22222222000113', 'Luxo', 'Cancelamento grátis até 14 dias antes'),
('22222222000114', 'Resort', 'Não reembolsável'),
('22222222000115', 'Luxo', 'Cancelamento grátis até 7 dias antes'),
('22222222000116', 'Business', 'Cancelamento grátis até 1 dia antes'),
('22222222000117', 'Luxo', 'Cancelamento grátis até 14 dias antes'),
('22222222000118', 'Econômica', 'Cancelamento grátis até 3 dias antes'),
('22222222000119', 'Luxo', 'Não reembolsável'),
('22222222000120', 'Luxo', 'Cancelamento grátis até 30 dias antes');

INSERT INTO Operadora_Turismo (fornecedor_cnpj, Registro_operadora, escopo) VALUES
('33333333000121', 'BR-12345', 'Nacional/Internacional'), ('33333333000122', 'BR-12346', 'Nacional'),
('33333333000123', 'AR-54321', 'Internacional'), ('33333333000124', 'BR-67890', 'Nacional'),
('33333333000125', 'BR-67891', 'Nacional'), ('33333333000126', 'DE-98765', 'Internacional'),
('33333333000127', 'FR-11111', 'Local - Paris'), ('33333333000128', 'US-22222', 'Local - Nova Iorque'),
('33333333000129', 'BR-33333', 'Local - Rio de Janeiro'), ('33333333000130', 'JP-44444', 'Local - Tóquio');

INSERT INTO Servico (fornecedor_cnpj, tipo_servico, descricao) VALUES
('11111111000101', 'Voo', 'Voo doméstico (Azul)'), ('11111111000102', 'Voo', 'Voo doméstico (GOL)'),
('11111111000103', 'Voo', 'Voo doméstico (LATAM)'), ('11111111000104', 'Voo', 'Voo internacional (TAP)'),
('11111111000105', 'Voo', 'Voo internacional (Air France)'), ('11111111000106', 'Voo', 'Voo internacional (Emirates)'),
('11111111000107', 'Voo', 'Voo internacional (Lufthansa)'), ('11111111000108', 'Voo', 'Voo internacional (American)'),
('11111111000109', 'Voo', 'Voo internacional (Copa)'), ('11111111000110', 'Voo', 'Voo internacional (Delta)'),
('22222222000111', 'Hospedagem', 'Hospedagem Econômica (Ibis)'), ('22222222000112', 'Hospedagem', 'Hospedagem Luxo (Marriott)'),
('22222222000113', 'Hospedagem', 'Hospedagem Luxo (Hilton)'), ('22222222000114', 'Hospedagem', 'Hospedagem Resort (Iberostar)'),
('22222222000115', 'Hospedagem', 'Hospedagem Luxo (Meliá)'), ('22222222000116', 'Hospedagem', 'Hospedagem Business (IHG)'),
('22222222000117', 'Hospedagem', 'Hospedagem Luxo (Hyatt)'), ('22222222000118', 'Hospedagem', 'Hospedagem Econômica (Best Western)'),
('22222222000119', 'Hospedagem', 'Hospedagem Luxo (Pousada Maravilha)'), ('22222222000120', 'Hospedagem', 'Hospedagem Luxo (Fasano)'),
('33333333000121', 'Passeio', 'Pacote de passeios CVC'), ('33333333000122', 'Passeio', 'Pacote de passeios Azul Viagens'),
('33333333000123', 'Passeio', 'Pacote de passeios Decolar'), ('33333333000124', 'Aluguel de Carro', 'Aluguel Localiza'),
('33333333000125', 'Aluguel de Carro', 'Aluguel Movida'), ('33333333000126', 'Seguro', 'Seguro Viagem Allianz'),
('33333333000127', 'Passeio', 'Tour Torre Eiffel'), ('33333333000128', 'Passeio', 'Tour Estátua da Liberdade'),
('33333333000129', 'Passeio', 'Tour Pão de Açúcar'), ('33333333000130', 'Passeio', 'Tour Monte Fuji');

INSERT INTO Destino (cidade, pais) VALUES
('Paris', 'França'), ('Tóquio', 'Japão'), ('Roma', 'Itália'), ('Londres', 'Reino Unido'),
('Nova Iorque', 'EUA'), ('Dubai', 'Emirados Árabes Unidos'), ('Sydney', 'Austrália'), ('Cancún', 'México'),
('Barcelona', 'Espanha'), ('Amsterdã', 'Holanda'), ('Berlim', 'Alemanha'), ('Cairo', 'Egito'),
('Buenos Aires', 'Argentina'), ('Lisboa', 'Portugal'), ('Atenas', 'Grécia'), ('Bangkok', 'Tailândia'),
('Praga', 'República Tcheca'), ('Viena', 'Áustria'), ('Moscou', 'Rússia'), ('Istambul', 'Turquia'),
('Dublin', 'Irlanda'), ('Cidade do Cabo', 'África do Sul'), ('Rio de Janeiro', 'Brasil'), ('Salvador', 'Brasil'),
('Recife', 'Brasil'), ('Foz do Iguaçu', 'Brasil'), ('Fernando de Noronha', 'Brasil'), ('Gramado', 'Brasil'),
('Bonito', 'Brasil'), ('Manaus', 'Brasil');

INSERT INTO Pacote_viagem (id_destino, nome_pacote, preco_total, data_inicio, data_final) VALUES
(1, 'Paris Essencial', 5500.00, '2026-01-10', '2026-01-17'),
(2, 'Tóquio Milenar', 11200.00, '2026-02-15', '2026-02-25'),
(3, 'Roma Imperial', 6100.00, '2026-03-05', '2026-03-12'),
(4, 'Londres Real', 6900.00, '2026-04-20', '2026-04-27'),
(5, 'Nova Iorque Cosmopolita', 8300.00, '2026-05-01', '2026-05-08'),
(6, 'Dubai Futuro', 9500.00, '2026-06-10', '2026-06-17'),
(7, 'Sydney & Praias', 10500.00, '2026-07-14', '2026-07-24'),
(8, 'Cancún Paradisíaco', 7100.00, '2026-08-01', '2026-08-08'),
(9, 'Barcelona Cultural', 5800.00, '2026-09-05', '2026-09-12'),
(10, 'Canais de Amsterdã', 6300.00, '2026-10-10', '2026-10-16'),
(11, 'Berlim Histórico', 5700.00, '2026-11-02', '2026-11-08'),
(12, 'Egito Antigo (Cairo)', 8800.00, '2026-12-01', '2026-12-10'),
(13, 'Tango em Buenos Aires', 3500.00, '2026-01-20', '2026-01-25'),
(14, 'Sabores de Lisboa', 5100.00, '2026-02-18', '2026-02-25'),
(15, 'Grécia Clássica (Atenas)', 7200.00, '2026-03-15', '2026-03-22'),
(16, 'Templos de Bangkok', 9100.00, '2026-04-05', '2026-04-15'),
(17, 'Magia em Praga', 5900.00, '2026-05-12', '2026-05-18'),
(18, 'Viena Imperial', 6400.00, '2026-06-20', '2026-06-26'),
(19, 'Inverno em Moscou', 8100.00, '2026-07-03', '2026-07-10'),
(20, 'Istambul: Dois Continentes', 7300.00, '2026-08-08', '2026-08-16'),
(21, 'Dublin e os Vikings', 6000.00, '2026-09-15', '2026-09-21'),
(22, 'Safári na Cidade do Cabo', 9800.00, '2026-10-22', '2026-10-30'),
(23, 'Maravilhas do Rio (Brasil)', 3100.00, '2026-11-10', '2026-11-15'),
(24, 'Axé em Salvador (Brasil)', 2900.00, '2026-12-05', '2026-12-10'),
(25, 'Praias de Recife (Brasil)', 3000.00, '2026-01-08', '2026-01-13'),
(26, 'Cataratas do Iguaçu (Brasil)', 3300.00, '2026-02-12', '2026-02-16'),
(27, 'Paraíso de Noronha (Brasil)', 8000.00, '2026-03-20', '2026-03-26'),
(28, 'Serra Gaúcha (Gramado)', 3800.00, '2026-04-18', '2026-04-23'),
(29, 'Mergulho em Bonito (Brasil)', 4100.00, '2026-05-25', '2026-05-30'),
(30, 'Amazônia (Manaus)', 4300.00, '2026-06-12', '2026-06-17');

INSERT INTO Composicao_Pacote (id_pacote, id_servico, desc_serv_pacote) VALUES
(1, 5, 'Voo Air France + Hospedagem Ibis'),
(2, 30, 'Voo Emirates + Tour Monte Fuji'),
(3, 11, 'Hospedagem Accor'),
(4, 7, 'Voo Lufthansa + Hospedagem Hilton'),
(5, 8, 'Voo American Airlines + Tour Gray Line'),
(6, 6, 'Voo Emirates'),
(7, 12, 'Hospedagem Marriott'),
(8, 9, 'Voo Copa + Resort Iberostar'),
(9, 15, 'Hospedagem Meliá'),
(10, 11, 'Hospedagem Ibis'),
(11, 7, 'Voo Lufthansa'),
(12, 13, 'Hospedagem Hilton'),
(13, 3, 'Voo LATAM'),
(14, 4, 'Voo TAP + Hospedagem Best Western'),
(15, 15, 'Hospedagem Meliá'),
(16, 6, 'Voo Emirates'),
(17, 16, 'Hospedagem IHG'),
(18, 16, 'Hospedagem IHG'),
(19, 6, 'Voo Emirates'),
(20, 18, 'Hospedagem Best Western'),
(21, 4, 'Voo TAP'),
(22, 17, 'Hospedagem Hyatt'),
(23, 2, 'Voo GOL + Hospedagem Fasano + Tour Pão de Açúcar'),
(24, 1, 'Voo Azul + Resort Iberostar'),
(25, 1, 'Voo Azul + Hospedagem Maravilha'),
(26, 2, 'Voo GOL + Hospedagem IHG'),
(27, 19, 'Hospedagem Pousada Maravilha'),
(28, 3, 'Voo LATAM + Hospedagem Meliá'),
(29, 21, 'Passeio CVC'),
(30, 22, 'Passeio Azul Viagens');

INSERT INTO Funcionario (nome, cargo, data_admissao, supervisor) VALUES
('Ricardo Alves', 'Gerente', '2020-01-10', NULL), ('Manuela Borges', 'Gerente', '2020-02-15', NULL),
('Felipe Neto', 'Gerente', '2021-03-12', NULL), ('Sofia Macedo', 'Gerente', '2021-04-05', NULL),
('Lucas Paiva', 'Gerente', '2022-05-20', NULL), ('Ana Vendedora', 'Vendedor', '2023-01-05', 1),
('Bruno Vendedor', 'Vendedor', '2023-01-06', 1), ('Carla Vendedora', 'Vendedor', '2023-01-07', 1),
('Daniel Vendedor', 'Vendedor', '2023-01-08', 1), ('Eduarda Vendedora', 'Vendedor', '2023-01-09', 1),
('Fábio Vendedor', 'Vendedor', '2023-02-05', 2), ('Gabriela Vendedora', 'Vendedor', '2023-02-06', 2),
('Heitor Vendedor', 'Vendedor', '2023-02-07', 2), ('Isabela Vendedora', 'Vendedor', '2023-02-08', 2),
('Jonas Vendedor', 'Vendedor', '2023-02-09', 2), ('Larissa Vendedora', 'Vendedor', '2023-03-05', 3),
('Marcos Vendedor', 'Vendedor', '2023-03-06', 3), ('Natália Vendedora', 'Vendedor', '2023-03-07', 3),
('Otávio Vendedor', 'Vendedor', '2023-03-08', 3), ('Patrícia Vendedora', 'Vendedor', '2023-03-09', 3),
('Quintino Vendedor', 'Vendedor', '2023-04-05', 4), ('Renata Vendedora', 'Vendedor', '2023-04-06', 4),
('Sérgio Vendedor', 'Vendedor', '2023-04-07', 4), ('Tatiane Vendedora', 'Vendedor', '2023-04-08', 4),
('Ulisses Vendedor', 'Vendedor', '2023-04-09', 4), ('Vanessa Vendedora', 'Vendedor', '2023-05-05', 5),
('Wagner Vendedor', 'Vendedor', '2023-05-06', 5), ('Xuxa Vendedora', 'Vendedor', '2023-05-07', 5),
('Yasmin Vendedora', 'Vendedor', '2023-05-08', 5), ('Zeca Vendedor', 'Vendedor', '2023-05-09', 5);

INSERT INTO Reserva (cliente_cpf, id_func, id_pacote, data_venda, status_pagamento, valor_total_reserva) VALUES
('11111111101', 6, 1, '2025-10-01', 'Pago', 5500.00),
('11111111102', 7, 2, '2025-10-02', 'Pendente', 11200.00),
('11111111103', 8, 3, '2025-10-03', 'Pago', 6100.00),
('11111111104', 9, 4, '2025-10-04', 'Pago', 6900.00),
('11111111105', 10, 5, '2025-10-05', 'Cancelado', 8300.00),
('11111111106', 11, 6, '2025-10-06', 'Pago', 9500.00),
('11111111107', 12, 7, '2025-10-07', 'Pago', 10500.00),
('11111111108', 13, 8, '2025-10-08', 'Pendente', 7100.00),
('11111111109', 14, 9, '2025-10-09', 'Pago', 5800.00),
('11111111110', 15, 10, '2025-10-10', 'Pago', 6300.00),
('11111111111', 16, 11, '2025-10-11', 'Pago', 5700.00),
('11111111112', 17, 12, '2025-10-12', 'Pago', 8800.00),
('11111111113', 18, 13, '2025-10-13', 'Pago', 3500.00),
('11111111114', 19, 14, '2025-10-14', 'Pago', 5100.00),
('11111111115', 20, 15, '2025-10-15', 'Pago', 7200.00),
('11111111116', 21, 16, '2025-10-16', 'Pendente', 9100.00),
('11111111117', 22, 17, '2025-10-17', 'Pago', 5900.00),
('11111111118', 23, 18, '2025-10-18', 'Pago', 6400.00),
('11111111119', 24, 19, '2025-10-19', 'Pago', 8100.00),
('11111111120', 25, 20, '2025-10-20', 'Pago', 7300.00),
('11111111121', 26, 21, '2025-10-21', 'Pago', 6000.00),
('11111111122', 27, 22, '2025-10-22', 'Pago', 9800.00),
('11111111123', 28, 23, '2025-10-23', 'Pendente', 3100.00),
('11111111124', 29, 24, '2025-10-24', 'Pago', 2900.00),
('11111111125', 30, 25, '2025-10-25', 'Pago', 3000.00),
('11111111126', 6, 26, '2025-10-26', 'Pago', 3300.00),
('11111111127', 7, 27, '2025-10-27', 'Pago', 8000.00),
('11111111128', 8, 28, '2025-10-28', 'Pago', 3800.00),
('11111111129', 9, 29, '2025-10-29', 'Pendente', 4100.00),
('11111111130', 10, 30, '2025-10-30', 'Pago', 4300.00);

INSERT INTO Pagamento (id_reserva, num_parcela, data_vencimento, data_pagamento, meio_pagamento, status_parcela) VALUES
(1, 1, '2025-10-01', '2025-10-01', 'Cartão de Crédito', 'Pago'),
(1, 2, '2025-11-01', '2025-11-01', 'Cartão de Crédito', 'Pago'),
(2, 1, '2025-10-02', NULL, 'Boleto', 'Pendente'),
(2, 2, '2025-11-02', NULL, 'Boleto', 'Pendente'),
(3, 1, '2025-10-03', '2025-10-03', 'Pix', 'Pago'),
(4, 1, '2025-10-04', '2025-10-04', 'Cartão de Crédito', 'Pago'),
(4, 2, '2025-11-04', '2025-11-04', 'Cartão de Crédito', 'Pago'),
(5, 1, '2025-10-05', NULL, 'Boleto', 'Cancelado'),
(6, 1, '2025-10-06', '2025-10-06', 'Pix', 'Pago'),
(7, 1, '2025-10-07', '2025-10-07', 'Cartão de Crédito', 'Pago'),
(7, 2, '2025-11-07', '2025-11-07', 'Cartão de Crédito', 'Pago'),
(7, 3, '2025-12-07', '2025-12-07', 'Cartão de Crédito', 'Pago'),
(8, 1, '2025-10-08', NULL, 'Boleto', 'Pendente'),
(9, 1, '2025-10-09', '2025-10-09', 'Pix', 'Pago'),
(10, 1, '2025-10-10', '2025-10-10', 'Cartão de Crédito', 'Pago'),
(10, 2, '2025-11-10', '2025-11-10', 'Cartão de Crédito', 'Pago'),
(11, 1, '2025-10-11', '2025-10-11', 'Pix', 'Pago'),
(12, 1, '2025-10-12', '2025-10-12', 'Cartão de Crédito', 'Pago'),
(12, 2, '2025-11-12', '2025-11-12', 'Cartão de Crédito', 'Pago'),
(12, 3, '2025-12-12', '2025-12-12', 'Cartão de Crédito', 'Pago'),
(13, 1, '2025-10-13', '2025-10-13', 'Pix', 'Pago'),
(14, 1, '2025-10-14', '2025-10-14', 'Cartão de Crédito', 'Pago'),
(14, 2, '2025-11-14', '2025-11-14', 'Cartão de Crédito', 'Pago'),
(15, 1, '2025-10-15', '2025-10-15', 'Pix', 'Pago'),
(16, 1, '2025-10-16', NULL, 'Boleto', 'Pendente'),
(16, 2, '2025-11-16', NULL, 'Boleto', 'Pendente'),
(17, 1, '2025-10-17', '2025-10-17', 'Cartão de Crédito', 'Pago'),
(18, 1, '2025-10-18', '2025-10-18', 'Pix', 'Pago'),
(19, 1, '2025-10-19', '2025-10-19', 'Cartão de Crédito', 'Pago'),
(20, 1, '2025-10-20', '2025-10-20', 'Cartão de Crédito', 'Pago');

SELECT * from reserva;
SELECT * FROM dependente;


INSERT INTO Reserva_Dependente (id_reserva, cliente_cpf, nome_dependente) VALUES
(1, '11111111101', 'Bia Lima'),
(2, '11111111102', 'Bento Cabral'),
(3, '11111111103', 'Caio Dias'),
(4, '11111111104', 'Davi Moreira'),
(5, '11111111105', 'Eva Farias'),
(6, '11111111106', 'Felipe Guedes'),
(7, '11111111107', 'Gael Nunes'),
(8, '11111111108', 'Heloísa Vasconcelos'),
(9, '11111111109', 'Íris Matos'),
(10, '11111111110', 'Julia Esteves'),
(11, '11111111111', 'Léo Mendes'),
(12, '11111111112', 'Maria Andrade'),
(13, '11111111113', 'Noah Sousa'),
(14, '11111111114', 'Otávio Pires'),
(15, '11111111115', 'Pietra Barros'),
(16, '11111111116', 'Raul Rocha'),
(17, '11111111117', 'Sofia Valença'),
(18, '11111111118', 'Theo Tavares'),
(19, '11111111119', 'Tito Loureiro'),
(20, '11111111120', 'Ubiratã Brandão'),
(21, '11111111121', 'Vitória Freire'),
(22, '11111111122', 'William Pinto'),
(23, '11111111123', 'Xavier Menezes'),
(24, '11111111124', 'Yuri Correia'),
(25, '11111111125', 'Zoe Drummond'),
(26, '11111111126', 'Abel Borges'),
(27, '11111111127', 'Bela Neves'),
(28, '11111111128', 'César Zico'),
(29, '11111111129', 'Dora Rangel'),
(30, '11111111130', 'Enzo Matarazzo');


INSERT INTO Pesquisa_Perfil_Cliente (
    cliente_cpf,
    tipo_destino,
    objetivo_viagem,
    companhia_viagem,
    duracao_media,
    renda_familiar,
    orcamento_pessoa,
    faixa_etaria,
    genero,
    tipo_hospedagem,
    criterio_pacote
) VALUES
    ('11111111101', 'Cidade Grande/Metrópole', 'Lazer', 'Família', 'De 5 a 10 dias', 'Mais de R$12.000', 'De R$1.500 até R$3.000', 'De 18 a 25 anos', 'Feminino', 'Hotel', 'Preço'),
    ('11111111102', 'Praia', 'Lazer', 'Família', 'De 1 a 3 dias', 'Mais de R$12.000', 'De R$600 até R$1.500', 'De 18 a 25 anos', 'Masculino', 'Casa de parentes', 'Benefícios'),
    ('11111111103', 'Praia', 'Lazer', 'Família', 'De 3 a 5 dias', 'Mais de R$12.000', 'De R$3.000 até R$6.000', 'De 18 a 25 anos', 'Feminino', 'Hotel', 'Passeios/Experiências'),
    ('11111111104', 'Cidade Grande/Metrópole', 'Lazer', 'Família', 'De 5 a 10 dias', 'Mais de R$12.000', 'De R$1.500 até R$3.000', 'De 18 a 25 anos', NULL, 'Hotel', 'Preço'),
    ('11111111105', 'Praia', 'Lazer', 'Sozinho', 'De 5 a 10 dias', 'Mais de R$12.000', 'Acima de R$6.000', 'De 30 a 45 anos', 'Feminino', 'Hotel', 'Recomendação e avaliações de outros usuários'),
    ('11111111106', 'Praia', 'Lazer', 'Amigos', 'De 5 a 10 dias', 'Mais de R$12.000', 'De R$3.000 até R$6.000', 'De 25 a 30 anos', 'Feminino', 'Hotel', 'Benefícios'),
    ('11111111107', 'Cidade Grande/Metrópole', 'Negócios', 'Sozinho', 'De 5 a 10 dias', 'Mais de R$12.000', 'De R$600 até R$1.500', 'De 18 a 25 anos', 'Feminino', 'Airbnb', 'Qualidade da hospedagem'),
    ('11111111108', 'Praia', 'Lazer', 'Família', 'De 1 a 3 dias', 'De R$3.000 até R$6.000', 'Até R$600', 'De 18 a 25 anos', 'Masculino', 'Airbnb', 'Preço'),
    ('11111111109', 'Cidade Grande/Metrópole', 'Lazer', 'Família', 'De 5 a 10 dias', 'Mais de R$12.000', 'De R$3.000 até R$6.000', 'De 18 a 25 anos', 'Feminino', 'Airbnb', 'Passeios/Experiências'),
    ('11111111110', 'Cidade Grande/Metrópole', 'Lazer', 'Família', 'De 5 a 10 dias', 'De R$6.000 até R$12.000', 'De R$1.500 até R$3.000', 'De 18 a 25 anos', 'Masculino', 'Pousada', 'Qualidade da hospedagem'),
    ('11111111111', 'Cidade histórica', 'Lazer', 'Amigos', 'De 1 a 3 dias', 'Mais de R$12.000', 'Até R$600', 'De 18 a 25 anos', 'Feminino', 'Resort', 'Passeios/Experiências'),
    ('11111111112', 'Cidade Grande/Metrópole', 'Lazer', 'Família', 'Mais de 10 dias', 'Mais de R$12.000', 'Acima de R$6.000', 'De 30 a 45 anos', 'Feminino', 'Hotel', 'Qualidade da hospedagem'),
    ('11111111113', 'Cidade Grande/Metrópole', 'Lazer', 'Família', 'De 3 a 5 dias', 'Mais de R$12.000', 'De R$1.500 até R$3.000', 'De 18 a 25 anos', 'Feminino', 'Casa de parentes', 'Benefícios'),
    ('11111111114', 'Praia', 'Lazer', 'Amigos', 'De 5 a 10 dias', 'De R$3.000 até R$6.000', 'De R$1.500 até R$3.000', 'De 25 a 30 anos', 'Feminino', 'Pousada', 'Recomendação e avaliações de outros usuários'),
    ('11111111115', 'Praia', 'Lazer', 'Amigos', 'De 5 a 10 dias', 'De R$6.000 até R$12.000', 'De R$3.000 até R$6.000', 'De 25 a 30 anos', 'Feminino', 'Hotel', 'Recomendação e avaliações de outros usuários'),
    ('11111111116', 'Cidade histórica', 'Lazer', 'Família', 'De 3 a 5 dias', 'De R$3.000 até R$6.000', NULL, 'De 18 a 25 anos', 'Feminino', 'Hotel', 'Qualidade da hospedagem'),
    ('11111111117', 'Praia', 'Lazer', 'Amigos', 'De 5 a 10 dias', 'De R$1.518,00 até R$3.000', NULL, 'De 18 a 25 anos', 'Feminino', 'Airbnb', 'Qualidade da hospedagem'),
    ('11111111118', 'Cidade Grande/Metrópole', 'Lazer', 'Família', 'Mais de 10 dias', 'Mais de R$12.000', 'Acima de R$6.000', 'De 25 a 30 anos', 'Feminino', 'Hotel', 'Recomendação e avaliações de outros usuários'),
    ('11111111119', 'Cidade pequena/interior', 'Lazer', 'Família', 'De 3 a 5 dias', 'Até R$1.518,00', 'Até R$600', 'De 18 a 25 anos', 'Masculino', 'Casa de parentes', 'Qualidade da hospedagem'),
    ('11111111120', 'Praia', 'Lazer', 'Sozinho', 'De 3 a 5 dias', 'Mais de R$12.000', 'De R$3.000 até R$6.000', 'De 25 a 30 anos', 'Feminino', 'Airbnb', 'Preço'),
    ('11111111121', 'Cidade Grande/Metrópole', 'Lazer', 'Amigos', 'De 1 a 3 dias', 'Mais de R$12.000', 'De R$600 até R$1.500', 'De 18 a 25 anos', 'Feminino', 'Hotel', 'Recomendação e avaliações de outros usuários'),
    ('11111111122', 'Praia', 'Lazer', 'Amigos', 'De 3 a 5 dias', 'De R$1.518,00 até R$3.000', 'Até R$600', 'De 18 a 25 anos', 'Feminino', 'Casa de parentes', 'Passeios/Experiências'),
    ('11111111123', 'Praia', 'Lazer', 'Família', 'De 1 a 3 dias', 'De R$1.518,00 até R$3.000', 'De R$600 até R$1.500', 'De 18 a 25 anos', 'Feminino', 'Casa de parentes', 'Preço'),
    ('11111111124', 'Cidade Grande/Metrópole', 'Lazer', 'Família', 'De 5 a 10 dias', 'De R$6.000 até R$12.000', 'Acima de R$6.000', 'De 18 a 25 anos', 'Feminino', 'Hotel', 'Preço'),
    ('11111111125', 'Cidade Grande/Metrópole', 'Lazer', 'Sozinho', 'De 1 a 3 dias', 'De R$6.000 até R$12.000', 'De R$1.500 até R$3.000', 'De 18 a 25 anos', 'Feminino', 'Casa de parentes', 'Preço'),
    ('11111111126', 'Cidade histórica', 'Lazer', 'Família', 'Mais de 10 dias', 'De R$6.000 até R$12.000', 'De R$3.000 até R$6.000', 'De 30 a 45 anos', 'Feminino', 'Casa de parentes', 'Passeios/Experiências'),
    ('11111111127', 'Praia', 'Lazer', 'Família', 'De 3 a 5 dias', 'De R$6.000 até R$12.000', 'De R$1.500 até R$3.000', 'De 18 a 25 anos', 'Feminino', 'Hotel', 'Recomendação e avaliações de outros usuários'),
    ('11111111128', 'Praia', 'Lazer', 'Família', 'De 3 a 5 dias', 'De R$6.000 até R$12.000', 'De R$600 até R$1.500', 'De 18 a 25 anos', 'Masculino', 'Hotel', 'Recomendação e avaliações de outros usuários'),
    ('11111111129', 'Praia', 'Lazer', 'Família', 'De 3 a 5 dias', 'Mais de R$12.000', 'De R$600 até R$1.500', 'De 18 a 25 anos', 'Feminino', 'Airbnb', 'Passeios/Experiências'),
    ('11111111130', 'Praia', 'Lazer', 'Família', 'De 3 a 5 dias', 'De R$3.000 até R$6.000', 'De R$600 até R$1.500', 'De 18 a 25 anos', 'Feminino', 'Hotel', 'Qualidade da hospedagem'),
    ('22222222201', 'Cidade Grande/Metrópole', 'Lazer', 'Família', 'De 3 a 5 dias', 'Mais de R$12.000', 'De R$600 até R$1.500', 'De 18 a 25 anos', 'Feminino', 'Hotel', 'Recomendação e avaliações de outros usuários'),
    ('22222222202', 'Cidade Grande/Metrópole', 'Lazer', 'Família', 'De 3 a 5 dias', 'Mais de R$12.000', 'De R$3.000 até R$6.000', 'De 18 a 25 anos', 'Masculino', 'Resort', 'Passeios/Experiências'),
    ('22222222203', 'Cidade Grande/Metrópole', 'Lazer', 'Família', 'De 5 a 10 dias', 'Mais de R$12.000', 'De R$3.000 até R$6.000', 'De 18 a 25 anos', 'Feminino', 'Hotel', 'Recomendação e avaliações de outros usuários'),
    ('22222222204', 'Cidade histórica', 'Lazer', 'Família', 'De 1 a 3 dias', 'Mais de R$12.000', 'De R$600 até R$1.500', 'De 18 a 25 anos', 'Feminino', 'Hotel', 'Passeios/Experiências'),
    ('22222222205', 'Cidade pequena/interior', 'Lazer', 'Sozinho', 'De 1 a 3 dias', 'De R$1.518,00 até R$3.000', 'De R$600 até R$1.500', 'De 25 a 30 anos', 'Masculino', 'Casa de parentes', 'Preço'),
    ('22222222206', 'Cidade Grande/Metrópole', 'Lazer', 'Família', 'De 3 a 5 dias', 'De R$6.000 até R$12.000', 'De R$3.000 até R$6.000', 'De 18 a 25 anos', 'Feminino', 'Hotel', 'Recomendação e avaliações de outros usuários'),
    ('22222222207', 'Cidade histórica', 'Lazer', 'Família', 'De 3 a 5 dias', 'Mais de R$12.000', 'De R$3.000 até R$6.000', 'De 30 a 45 anos', 'Feminino', 'Hotel', 'Recomendação e avaliações de outros usuários'),
    ('22222222208', 'Praia', 'Lazer', 'Amigos', 'Mais de 10 dias', 'De R$1.518,00 até R$3.000', 'De R$600 até R$1.500', 'De 18 a 25 anos', 'Masculino', 'Hotel', 'Preço'),
    ('22222222209', 'Praia', 'Lazer', 'Família', 'De 3 a 5 dias', 'Mais de R$12.000', 'De R$1.500 até R$3.000', 'De 18 a 25 anos', 'Masculino', 'Hotel', 'Qualidade da hospedagem'),
    ('22222222210', 'Praia', 'Lazer', 'Amigos', 'De 5 a 10 dias', 'Mais de R$12.000', 'De R$3.000 até R$6.000', 'De 25 a 30 anos', 'Feminino', 'Hotel', 'Recomendação e avaliações de outros usuários'),
    ('22222222211', 'Praia', 'Lazer', 'Família', 'De 3 a 5 dias', 'Mais de R$12.000', 'De R$1.500 até R$3.000', 'De 18 a 25 anos', 'Feminino', 'Hotel', 'Preço'),
    ('22222222212', 'Cidade histórica', 'Lazer', 'Família', 'De 3 a 5 dias', 'Mais de R$12.000', 'De R$600 até R$1.500', 'De 30 a 45 anos', 'Feminino', 'Pousada', 'Recomendação e avaliações de outros usuários'),
    ('22222222213', 'Praia', 'Lazer', 'Amigos', 'De 1 a 3 dias', 'De R$1.518,00 até R$3.000', 'De R$600 até R$1.500', 'De 18 a 25 anos', 'Masculino', 'Airbnb', 'Qualidade da hospedagem'),
    ('22222222214', 'Praia', 'Lazer', 'Família', 'De 1 a 3 dias', 'De R$3.000 até R$6.000', 'De R$600 até R$1.500', 'De 18 a 25 anos', 'Masculino', 'Resort', 'Passeios/Experiências'),
    ('22222222215', 'Ecoturismo', 'Lazer', 'Sozinho', 'De 3 a 5 dias', 'Mais de R$12.000', 'De R$3.000 até R$6.000', 'De 18 a 25 anos', 'Feminino', 'Airbnb', 'Passeios/Experiências'),
    ('22222222216', 'Ecoturismo', 'Lazer', 'Família', 'De 3 a 5 dias', 'De R$6.000 até R$12.000', 'De R$1.500 até R$3.000', 'De 30 a 45 anos', 'Feminino', 'Pousada', 'Passeios/Experiências'),
    ('22222222217', 'Resort', 'Lazer', 'Amigos', 'De 3 a 5 dias', 'De R$6.000 até R$12.000', 'De R$600 até R$1.500', 'De 18 a 25 anos', 'Masculino', 'Resort', 'Recomendação e avaliações de outros usuários'),
    ('22222222218', 'Cidade histórica', 'Lazer', 'Amigos', 'De 1 a 3 dias', 'Até R$1.518,00', 'Até R$600', 'De 18 a 25 anos', 'Feminino', 'Airbnb', 'Passeios/Experiências'),
    ('22222222219', 'Praia', 'Lazer', 'Família', 'De 3 a 5 dias', 'De R$6.000 até R$12.000', 'De R$1.500 até R$3.000', 'De 18 a 25 anos', 'Feminino', 'Airbnb', 'Preço'),
    ('22222222220', 'Cidade Grande/Metrópole', 'Lazer', 'Família', 'De 5 a 10 dias', 'De R$6.000 até R$12.000', 'De R$1.500 até R$3.000', 'De 18 a 25 anos', 'Masculino', 'Airbnb', 'Benefícios'),
    ('22222222221', 'Praia', 'Lazer', 'Família', 'De 5 a 10 dias', 'Mais de R$12.000', 'Acima de R$6.000', 'De 18 a 25 anos', 'Feminino', 'Resort', 'Qualidade da hospedagem');

